date,category,rep,P_meas_W,T_s,temp_C,n_alu,n_mul,n_mulh,n_div,c_div,n_mem,n_ctrl,n_fp_add,n_fp_mul,n_fp_fma,n_fp_div,n_fp_sqrt,n_fp_noncomp,n_fp_conv,n_fetch,mcycle,n_stall
2026-08-14 23:31:03,idle,1,1.144390,0.000005,38.14,21,0,0,0,0,17,0,0,0,0,0,0,0,0,376,54,16
2026-08-14 23:32:02,alu,1,1.168662,40.000012,38.38,395384749,0,0,0,0,10,1538461,0,0,0,0,0,0,0,1348,400000122,3076902
2026-08-14 23:33:01,mul,1,1.159042,39.990000,38.50,6450031,387000000,0,0,0,10,2149999,0,0,0,0,0,0,0,1116,399900002,4299962
2026-08-14 23:33:59,mulh,1,1.157191,40.003977,38.63,1324666,0,79478100,0,0,10,441544,0,0,0,0,0,0,0,1116,400039772,318795452
2026-08-14 23:34:55,div,1,1.149895,39.992230,38.75,74350,0,0,19029760,399624960,10,74334,0,0,0,0,0,0,0,1348,399922302,380743848
2026-08-14 23:35:51,mem,1,1.157200,40.003199,39.00,3681309,0,0,0,0,196334730,1227091,0,0,0,0,0,0,0,1044,400031994,198788864
2026-08-14 23:36:48,ctrl,1,1.166695,39.930400,39.12,4712015,0,0,0,0,10,141436000,0,0,0,0,0,0,0,16508,399304004,253155979
2026-08-14 23:37:44,fp_add,1,1.174074,39.600001,39.12,33000014,0,0,0,0,14,32999999,264000000,0,0,0,0,0,0,372,396000005,65999978
2026-08-14 23:38:40,fp_mul,1,1.169140,39.600001,39.37,33000014,0,0,0,0,14,32999999,0,264000000,0,0,0,0,0,372,396000005,65999978
2026-08-14 23:39:37,fp_fma,1,1.179871,39.600001,39.24,33000014,0,0,0,0,14,32999999,0,0,264000000,0,0,0,0,372,396000005,65999978
2026-08-14 23:40:35,fp_div,1,1.152965,39.200001,39.12,4000014,0,0,0,0,14,3999999,0,0,0,32000000,0,0,0,372,392000006,351999979
2026-08-14 23:41:33,fp_sqrt,1,1.155665,40.000001,39.00,8000014,0,0,0,0,14,7999999,0,0,0,0,64000000,0,0,372,400000006,319999979
2026-08-14 23:42:30,fp_noncomp,1,1.167088,40.000000,39.61,20000014,0,0,0,0,14,19999999,0,0,0,0,0,320000000,0,404,400000005,39999978
2026-08-14 23:43:28,fp_conv,1,1.163509,39.600001,39.49,33000014,0,0,0,0,14,32999999,0,0,0,0,0,0,264000000,372,396000005,65999978
2026-08-14 23:44:30,idle,1,1.145977,0.000005,39.49,21,0,0,0,0,17,0,0,0,0,0,0,0,0,376,54,16
2026-08-14 23:45:26,alu,1,1.170077,40.000012,39.49,395384749,0,0,0,0,10,1538461,0,0,0,0,0,0,0,1348,400000122,3076902
2026-08-14 23:46:23,mul,1,1.160251,39.990000,39.61,6450031,387000000,0,0,0,10,2149999,0,0,0,0,0,0,0,1116,399900002,4299962
2026-08-14 23:47:19,mulh,1,1.158298,40.003977,39.49,1324666,0,79478100,0,0,10,441544,0,0,0,0,0,0,0,1116,400039772,318795452
2026-08-14 23:48:17,div,1,1.150871,39.992230,39.49,74350,0,0,19029760,399624960,10,74334,0,0,0,0,0,0,0,1348,399922302,380743848
2026-08-14 23:49:17,mem,1,1.158057,40.003199,39.37,3681309,0,0,0,0,196334730,1227091,0,0,0,0,0,0,0,1044,400031994,198788864
2026-08-14 23:50:30,ctrl,1,1.167421,39.930400,39.61,4712015,0,0,0,0,10,141436000,0,0,0,0,0,0,0,16508,399304004,253155979
2026-08-14 23:51:26,fp_add,1,1.174776,39.600001,39.73,33000014,0,0,0,0,14,32999999,264000000,0,0,0,0,0,0,372,396000005,65999978
2026-08-14 23:52:28,fp_mul,1,1.169686,39.600001,39.49,33000014,0,0,0,0,14,32999999,0,264000000,0,0,0,0,0,372,396000005,65999978
2026-08-14 23:53:25,fp_fma,1,1.180257,39.600001,39.98,33000014,0,0,0,0,14,32999999,0,0,264000000,0,0,0,0,372,396000005,65999978
2026-08-14 23:54:23,fp_div,1,1.153632,39.200001,39.73,4000014,0,0,0,0,14,3999999,0,0,0,32000000,0,0,0,372,392000006,351999979
2026-08-14 23:55:27,fp_sqrt,1,1.156154,40.000001,39.37,8000014,0,0,0,0,14,7999999,0,0,0,0,64000000,0,0,372,400000006,319999979
2026-08-14 23:56:24,fp_noncomp,1,1.167655,40.000000,39.61,20000014,0,0,0,0,14,19999999,0,0,0,0,0,320000000,0,404,400000005,39999978
2026-08-14 23:57:23,fp_conv,1,1.164047,39.600001,39.73,33000014,0,0,0,0,14,32999999,0,0,0,0,0,0,264000000,372,396000005,65999978
2026-08-14 23:58:23,idle,1,1.146210,0.000005,39.61,21,0,0,0,0,17,0,0,0,0,0,0,0,0,376,54,16
2026-08-14 23:59:20,alu,1,1.170233,40.000012,39.61,395384749,0,0,0,0,10,1538461,0,0,0,0,0,0,0,1348,400000122,3076902
2026-08-15 00:00:17,mul,1,1.160592,39.990000,39.61,6450031,387000000,0,0,0,10,2149999,0,0,0,0,0,0,0,1116,399900002,4299962
2026-08-15 00:01:14,mulh,1,1.158711,40.003977,39.37,1324666,0,79478100,0,0,10,441544,0,0,0,0,0,0,0,1116,400039772,318795452
2026-08-15 00:02:11,div,1,1.151255,39.992230,39.49,74350,0,0,19029760,399624960,10,74334,0,0,0,0,0,0,0,1348,399922302,380743848
2026-08-15 00:03:12,mem,1,1.158220,40.003199,39.98,3681309,0,0,0,0,196334730,1227091,0,0,0,0,0,0,0,1044,400031994,198788864
2026-08-15 00:04:11,ctrl,1,1.167770,39.930400,39.73,4712015,0,0,0,0,10,141436000,0,0,0,0,0,0,0,16508,399304004,253155979
2026-08-15 00:05:06,fp_add,1,1.175058,39.600001,39.98,33000014,0,0,0,0,14,32999999,264000000,0,0,0,0,0,0,372,396000005,65999978
2026-08-15 00:06:06,fp_mul,1,1.170083,39.600001,39.49,33000014,0,0,0,0,14,32999999,0,264000000,0,0,0,0,0,372,396000005,65999978
2026-08-15 00:07:01,fp_fma,1,1.180630,39.600001,39.86,33000014,0,0,0,0,14,32999999,0,0,264000000,0,0,0,0,372,396000005,65999978
2026-08-15 00:07:54,fp_div,1,1.153876,39.200001,39.61,4000014,0,0,0,0,14,3999999,0,0,0,32000000,0,0,0,372,392000006,351999979
2026-08-15 00:08:52,fp_sqrt,1,1.156454,40.000001,39.61,8000014,0,0,0,0,14,7999999,0,0,0,0,64000000,0,0,372,400000006,319999979
2026-08-15 00:09:44,fp_noncomp,1,1.167808,40.000000,39.86,20000014,0,0,0,0,14,19999999,0,0,0,0,0,320000000,0,404,400000005,39999978
2026-08-15 00:10:41,fp_conv,1,1.164228,39.600001,39.73,33000014,0,0,0,0,14,32999999,0,0,0,0,0,0,264000000,372,396000005,65999978
2026-08-15 00:11:41,idle,1,1.146489,0.000005,39.49,21,0,0,0,0,17,0,0,0,0,0,0,0,0,376,54,16
2026-08-15 00:12:37,alu,1,1.170621,40.000012,39.98,395384749,0,0,0,0,10,1538461,0,0,0,0,0,0,0,1348,400000122,3076902
2026-08-15 00:13:33,mul,1,1.160694,39.990000,39.73,6450031,387000000,0,0,0,10,2149999,0,0,0,0,0,0,0,1116,399900002,4299962
2026-08-15 00:14:30,mulh,1,1.158805,40.003977,39.61,1324666,0,79478100,0,0,10,441544,0,0,0,0,0,0,0,1116,400039772,318795452
2026-08-15 00:15:27,div,1,1.151350,39.992230,39.61,74350,0,0,19029760,399624960,10,74334,0,0,0,0,0,0,0,1348,399922302,380743848
2026-08-15 00:16:25,mem,1,1.158419,40.003199,39.98,3681309,0,0,0,0,196334730,1227091,0,0,0,0,0,0,0,1044,400031994,198788864
2026-08-15 00:17:24,ctrl,1,1.167809,39.930400,39.86,4712015,0,0,0,0,10,141436000,0,0,0,0,0,0,0,16508,399304004,253155979
2026-08-15 00:18:21,fp_add,1,1.175106,39.600001,39.98,33000014,0,0,0,0,14,32999999,264000000,0,0,0,0,0,0,372,396000005,65999978
2026-08-15 00:19:21,fp_mul,1,1.170163,39.600001,39.61,33000014,0,0,0,0,14,32999999,0,264000000,0,0,0,0,0,372,396000005,65999978
2026-08-15 00:20:19,fp_fma,1,1.180826,39.600001,39.73,33000014,0,0,0,0,14,32999999,0,0,264000000,0,0,0,0,372,396000005,65999978
2026-08-15 00:21:14,fp_div,1,1.154067,39.200001,39.86,4000014,0,0,0,0,14,3999999,0,0,0,32000000,0,0,0,372,392000006,351999979
2026-08-15 00:22:11,fp_sqrt,1,1.156591,40.000001,39.73,8000014,0,0,0,0,14,7999999,0,0,0,0,64000000,0,0,372,400000006,319999979
2026-08-15 00:23:09,fp_noncomp,1,1.168015,40.000000,39.86,20000014,0,0,0,0,14,19999999,0,0,0,0,0,320000000,0,404,400000005,39999978
2026-08-15 00:24:05,fp_conv,1,1.164230,39.600001,39.73,33000014,0,0,0,0,14,32999999,0,0,0,0,0,0,264000000,372,396000005,65999978
2026-08-15 00:25:05,idle,1,1.146695,0.000005,39.73,21,0,0,0,0,17,0,0,0,0,0,0,0,0,376,54,16
2026-08-15 00:26:01,alu,1,1.170791,40.000012,39.98,395384749,0,0,0,0,10,1538461,0,0,0,0,0,0,0,1348,400000122,3076902
2026-08-15 00:26:58,mul,1,1.160940,39.990000,39.73,6450031,387000000,0,0,0,10,2149999,0,0,0,0,0,0,0,1116,399900002,4299962
2026-08-15 00:27:54,mulh,1,1.158861,40.003977,39.73,1324666,0,79478100,0,0,10,441544,0,0,0,0,0,0,0,1116,400039772,318795452
2026-08-15 00:28:50,div,1,1.151506,39.992230,39.61,74350,0,0,19029760,399624960,10,74334,0,0,0,0,0,0,0,1348,399922302,380743848
2026-08-15 00:29:47,mem,1,1.158687,40.003199,39.61,3681309,0,0,0,0,196334730,1227091,0,0,0,0,0,0,0,1044,400031994,198788864
2026-08-15 00:30:45,ctrl,1,1.168156,39.930400,39.61,4712015,0,0,0,0,10,141436000,0,0,0,0,0,0,0,16508,399304004,253155979
2026-08-15 00:31:42,fp_add,1,1.175366,39.600001,39.73,33000014,0,0,0,0,14,32999999,264000000,0,0,0,0,0,0,372,396000005,65999978
2026-08-15 00:32:38,fp_mul,1,1.170425,39.600001,39.73,33000014,0,0,0,0,14,32999999,0,264000000,0,0,0,0,0,372,396000005,65999978
2026-08-15 00:33:34,fp_fma,1,1.181106,39.600001,39.86,33000014,0,0,0,0,14,32999999,0,0,264000000,0,0,0,0,372,396000005,65999978
2026-08-15 00:34:35,fp_div,1,1.154161,39.200001,39.73,4000014,0,0,0,0,14,3999999,0,0,0,32000000,0,0,0,372,392000006,351999979
2026-08-15 00:35:31,fp_sqrt,1,1.156751,40.000001,39.73,8000014,0,0,0,0,14,7999999,0,0,0,0,64000000,0,0,372,400000006,319999979
2026-08-15 00:36:27,fp_noncomp,1,1.168094,40.000000,39.61,20000014,0,0,0,0,14,19999999,0,0,0,0,0,320000000,0,404,400000005,39999978
2026-08-15 00:37:23,fp_conv,1,1.164527,39.600001,39.73,33000014,0,0,0,0,14,32999999,0,0,0,0,0,0,264000000,372,396000005,65999978
2026-08-15 00:38:17,idle,1,1.146706,0.000005,39.49,21,0,0,0,0,17,0,0,0,0,0,0,0,0,376,54,16
2026-08-15 00:39:13,alu,1,1.170667,40.000012,39.73,395384749,0,0,0,0,10,1538461,0,0,0,0,0,0,0,1348,400000122,3076902
2026-08-15 00:40:10,mul,1,1.160868,39.990000,39.73,6450031,387000000,0,0,0,10,2149999,0,0,0,0,0,0,0,1116,399900002,4299962
2026-08-15 00:41:06,mulh,1,1.159048,40.003977,39.61,1324666,0,79478100,0,0,10,441544,0,0,0,0,0,0,0,1116,400039772,318795452
2026-08-15 00:42:02,div,1,1.151619,39.992230,39.49,74350,0,0,19029760,399624960,10,74334,0,0,0,0,0,0,0,1348,399922302,380743848
2026-08-15 00:42:57,mem,1,1.158722,40.003199,39.49,3681309,0,0,0,0,196334730,1227091,0,0,0,0,0,0,0,1044,400031994,198788864
2026-08-15 00:43:55,ctrl,1,1.168067,39.930400,39.37,4712015,0,0,0,0,10,141436000,0,0,0,0,0,0,0,16508,399304004,253155979
2026-08-15 00:44:50,fp_add,1,1.175388,39.600001,39.73,33000014,0,0,0,0,14,32999999,264000000,0,0,0,0,0,0,372,396000005,65999978
2026-08-15 00:45:47,fp_mul,1,1.170321,39.600001,39.73,33000014,0,0,0,0,14,32999999,0,264000000,0,0,0,0,0,372,396000005,65999978
2026-08-15 00:46:42,fp_fma,1,1.180821,39.600001,39.73,33000014,0,0,0,0,14,32999999,0,0,264000000,0,0,0,0,372,396000005,65999978
2026-08-15 00:47:38,fp_div,1,1.153900,39.200001,39.73,4000014,0,0,0,0,14,3999999,0,0,0,32000000,0,0,0,372,392000006,351999979
2026-08-15 00:48:37,fp_sqrt,1,1.156524,40.000001,39.61,8000014,0,0,0,0,14,7999999,0,0,0,0,64000000,0,0,372,400000006,319999979
2026-08-15 00:49:39,fp_noncomp,1,1.167852,40.000000,39.24,20000014,0,0,0,0,14,19999999,0,0,0,0,0,320000000,0,404,400000005,39999978
2026-08-15 00:50:33,fp_conv,1,1.163644,39.600001,39.61,33000014,0,0,0,0,14,32999999,0,0,0,0,0,0,264000000,372,396000005,65999978
2026-08-15 00:51:32,idle,1,1.146579,0.000005,39.61,21,0,0,0,0,17,0,0,0,0,0,0,0,0,376,54,16
2026-08-15 00:52:28,alu,1,1.170540,40.000012,39.37,395384749,0,0,0,0,10,1538461,0,0,0,0,0,0,0,1348,400000122,3076902
2026-08-15 00:53:23,mul,1,1.160808,39.990000,39.37,6450031,387000000,0,0,0,10,2149999,0,0,0,0,0,0,0,1116,399900002,4299962
2026-08-15 00:54:19,mulh,1,1.158719,40.003977,39.24,1324666,0,79478100,0,0,10,441544,0,0,0,0,0,0,0,1116,400039772,318795452
2026-08-15 00:55:17,div,1,1.151449,39.992230,39.24,74350,0,0,19029760,399624960,10,74334,0,0,0,0,0,0,0,1348,399922302,380743848
2026-08-15 00:56:14,mem,1,1.158594,40.003199,39.73,3681309,0,0,0,0,196334730,1227091,0,0,0,0,0,0,0,1044,400031994,198788864
2026-08-15 00:57:11,ctrl,1,1.168035,39.930400,39.73,4712015,0,0,0,0,10,141436000,0,0,0,0,0,0,0,16508,399304004,253155979
2026-08-15 00:58:07,fp_add,1,1.175373,39.600001,39.61,33000014,0,0,0,0,14,32999999,264000000,0,0,0,0,0,0,372,396000005,65999978
2026-08-15 00:59:03,fp_mul,1,1.170227,39.600001,39.86,33000014,0,0,0,0,14,32999999,0,264000000,0,0,0,0,0,372,396000005,65999978
2026-08-15 00:59:57,fp_fma,1,1.180772,39.600001,39.98,33000014,0,0,0,0,14,32999999,0,0,264000000,0,0,0,0,372,396000005,65999978
2026-08-15 01:00:54,fp_div,1,1.153669,39.200001,39.61,4000014,0,0,0,0,14,3999999,0,0,0,32000000,0,0,0,372,392000006,351999979
2026-08-15 01:01:52,fp_sqrt,1,1.156458,40.000001,39.61,8000014,0,0,0,0,14,7999999,0,0,0,0,64000000,0,0,372,400000006,319999979
2026-08-15 01:02:52,fp_noncomp,1,1.167728,40.000000,39.61,20000014,0,0,0,0,14,19999999,0,0,0,0,0,320000000,0,404,400000005,39999978
2026-08-15 01:03:49,fp_conv,1,1.163987,39.600001,39.49,33000014,0,0,0,0,14,32999999,0,0,0,0,0,0,264000000,372,396000005,65999978
2026-08-15 01:04:50,idle,1,1.146103,0.000005,39.37,21,0,0,0,0,17,0,0,0,0,0,0,0,0,376,54,16
2026-08-15 01:05:46,alu,1,1.169898,40.000012,39.73,395384749,0,0,0,0,10,1538461,0,0,0,0,0,0,0,1348,400000122,3076902
2026-08-15 01:06:43,mul,1,1.160033,39.990000,39.61,6450031,387000000,0,0,0,10,2149999,0,0,0,0,0,0,0,1116,399900002,4299962
2026-08-15 01:07:40,mulh,1,1.157970,40.003977,39.49,1324666,0,79478100,0,0,10,441544,0,0,0,0,0,0,0,1116,400039772,318795452
2026-08-15 01:08:43,div,1,1.150500,39.992230,39.61,74350,0,0,19029760,399624960,10,74334,0,0,0,0,0,0,0,1348,399922302,380743848
2026-08-15 01:09:39,mem,1,1.157593,40.003199,39.49,3681309,0,0,0,0,196334730,1227091,0,0,0,0,0,0,0,1044,400031994,198788864
2026-08-15 01:10:37,ctrl,1,1.167632,39.930400,39.49,4712015,0,0,0,0,10,141436000,0,0,0,0,0,0,0,16508,399304004,253155979
2026-08-15 01:11:33,fp_add,1,1.174946,39.600001,39.49,33000014,0,0,0,0,14,32999999,264000000,0,0,0,0,0,0,372,396000005,65999978
2026-08-15 01:12:29,fp_mul,1,1.169967,39.600001,39.61,33000014,0,0,0,0,14,32999999,0,264000000,0,0,0,0,0,372,396000005,65999978
2026-08-15 01:13:26,fp_fma,1,1.180670,39.600001,39.73,33000014,0,0,0,0,14,32999999,0,0,264000000,0,0,0,0,372,396000005,65999978
2026-08-15 01:14:16,fp_div,1,1.153913,39.200001,39.73,4000014,0,0,0,0,14,3999999,0,0,0,32000000,0,0,0,372,392000006,351999979
2026-08-15 01:15:13,fp_sqrt,1,1.156557,40.000001,39.61,8000014,0,0,0,0,14,7999999,0,0,0,0,64000000,0,0,372,400000006,319999979
2026-08-15 01:16:09,fp_noncomp,1,1.168246,40.000000,39.49,20000014,0,0,0,0,14,19999999,0,0,0,0,0,320000000,0,404,400000005,39999978
2026-08-15 01:17:04,fp_conv,1,1.164917,39.600001,39.61,33000014,0,0,0,0,14,32999999,0,0,0,0,0,0,264000000,372,396000005,65999978
2026-08-15 01:18:02,idle,1,1.147217,0.000005,39.49,21,0,0,0,0,17,0,0,0,0,0,0,0,0,376,54,16
2026-08-15 01:18:59,alu,1,1.171318,40.000012,39.61,395384749,0,0,0,0,10,1538461,0,0,0,0,0,0,0,1348,400000122,3076902
2026-08-15 01:19:55,mul,1,1.161541,39.990000,39.61,6450031,387000000,0,0,0,10,2149999,0,0,0,0,0,0,0,1116,399900002,4299962
2026-08-15 01:20:51,mulh,1,1.159481,40.003977,39.37,1324666,0,79478100,0,0,10,441544,0,0,0,0,0,0,0,1116,400039772,318795452
2026-08-15 01:21:47,div,1,1.152116,39.992230,39.49,74350,0,0,19029760,399624960,10,74334,0,0,0,0,0,0,0,1348,399922302,380743848
2026-08-15 01:22:43,mem,1,1.159022,40.003199,39.49,3681309,0,0,0,0,196334730,1227091,0,0,0,0,0,0,0,1044,400031994,198788864
2026-08-15 01:23:41,ctrl,1,1.168523,39.930400,39.73,4712015,0,0,0,0,10,141436000,0,0,0,0,0,0,0,16508,399304004,253155979
2026-08-15 01:24:36,fp_add,1,1.175708,39.600001,39.61,33000014,0,0,0,0,14,32999999,264000000,0,0,0,0,0,0,372,396000005,65999978
2026-08-15 01:25:32,fp_mul,1,1.170755,39.600001,39.24,33000014,0,0,0,0,14,32999999,0,264000000,0,0,0,0,0,372,396000005,65999978
2026-08-15 01:26:29,fp_fma,1,1.181470,39.600001,39.61,33000014,0,0,0,0,14,32999999,0,0,264000000,0,0,0,0,372,396000005,65999978
2026-08-15 01:27:25,fp_div,1,1.154662,39.200001,39.37,4000014,0,0,0,0,14,3999999,0,0,0,32000000,0,0,0,372,392000006,351999979
2026-08-15 01:28:21,fp_sqrt,1,1.157205,40.000001,39.37,8000014,0,0,0,0,14,7999999,0,0,0,0,64000000,0,0,372,400000006,319999979
2026-08-15 01:29:17,fp_noncomp,1,1.168600,40.000000,39.37,20000014,0,0,0,0,14,19999999,0,0,0,0,0,320000000,0,404,400000005,39999978
2026-08-15 01:30:16,fp_conv,1,1.164968,39.600001,39.61,33000014,0,0,0,0,14,32999999,0,0,0,0,0,0,264000000,372,396000005,65999978
2026-08-15 01:31:15,idle,1,1.147034,0.000005,39.37,21,0,0,0,0,17,0,0,0,0,0,0,0,0,376,54,16
2026-08-15 01:32:13,alu,1,1.171065,40.000012,39.61,395384749,0,0,0,0,10,1538461,0,0,0,0,0,0,0,1348,400000122,3076902
2026-08-15 01:33:09,mul,1,1.161312,39.990000,39.49,6450031,387000000,0,0,0,10,2149999,0,0,0,0,0,0,0,1116,399900002,4299962
2026-08-15 01:34:06,mulh,1,1.159343,40.003977,39.49,1324666,0,79478100,0,0,10,441544,0,0,0,0,0,0,0,1116,400039772,318795452
2026-08-15 01:35:02,div,1,1.151787,39.992230,39.37,74350,0,0,19029760,399624960,10,74334,0,0,0,0,0,0,0,1348,399922302,380743848
2026-08-15 01:35:58,mem,1,1.158889,40.003199,39.49,3681309,0,0,0,0,196334730,1227091,0,0,0,0,0,0,0,1044,400031994,198788864
2026-08-15 01:36:56,ctrl,1,1.168419,39.930400,39.49,4712015,0,0,0,0,10,141436000,0,0,0,0,0,0,0,16508,399304004,253155979
2026-08-15 01:37:53,fp_add,1,1.175627,39.600001,39.61,33000014,0,0,0,0,14,32999999,264000000,0,0,0,0,0,0,372,396000005,65999978
2026-08-15 01:38:50,fp_mul,1,1.170581,39.600001,39.61,33000014,0,0,0,0,14,32999999,0,264000000,0,0,0,0,0,372,396000005,65999978
2026-08-15 01:39:47,fp_fma,1,1.181275,39.600001,39.49,33000014,0,0,0,0,14,32999999,0,0,264000000,0,0,0,0,372,396000005,65999978
2026-08-15 01:40:41,fp_div,1,1.154394,39.200001,39.61,4000014,0,0,0,0,14,3999999,0,0,0,32000000,0,0,0,372,392000006,351999979
2026-08-15 01:41:40,fp_sqrt,1,1.157153,40.000001,39.61,8000014,0,0,0,0,14,7999999,0,0,0,0,64000000,0,0,372,400000006,319999979
2026-08-15 01:42:37,fp_noncomp,1,1.168356,40.000000,39.73,20000014,0,0,0,0,14,19999999,0,0,0,0,0,320000000,0,404,400000005,39999978
2026-08-15 01:43:31,fp_conv,1,1.164604,39.600001,39.49,33000014,0,0,0,0,14,32999999,0,0,0,0,0,0,264000000,372,396000005,65999978
2026-08-15 01:44:29,idle,1,1.147029,0.000005,39.37,21,0,0,0,0,17,0,0,0,0,0,0,0,0,376,54,16
2026-08-15 01:45:26,alu,1,1.171301,40.000012,39.49,395384749,0,0,0,0,10,1538461,0,0,0,0,0,0,0,1348,400000122,3076902
2026-08-15 01:46:25,mul,1,1.161405,39.990000,39.37,6450031,387000000,0,0,0,10,2149999,0,0,0,0,0,0,0,1116,399900002,4299962
2026-08-15 01:47:24,mulh,1,1.159366,40.003977,39.49,1324666,0,79478100,0,0,10,441544,0,0,0,0,0,0,0,1116,400039772,318795452
2026-08-15 01:48:24,div,1,1.151776,39.992230,39.49,74350,0,0,19029760,399624960,10,74334,0,0,0,0,0,0,0,1348,399922302,380743848
2026-08-15 01:49:21,mem,1,1.158713,40.003199,39.49,3681309,0,0,0,0,196334730,1227091,0,0,0,0,0,0,0,1044,400031994,198788864
2026-08-15 01:50:21,ctrl,1,1.168361,39.930400,39.37,4712015,0,0,0,0,10,141436000,0,0,0,0,0,0,0,16508,399304004,253155979
2026-08-15 01:51:18,fp_add,1,1.175479,39.600001,39.61,33000014,0,0,0,0,14,32999999,264000000,0,0,0,0,0,0,372,396000005,65999978
2026-08-15 01:52:15,fp_mul,1,1.170655,39.600001,39.49,33000014,0,0,0,0,14,32999999,0,264000000,0,0,0,0,0,372,396000005,65999978
2026-08-15 01:53:11,fp_fma,1,1.181283,39.600001,39.49,33000014,0,0,0,0,14,32999999,0,0,264000000,0,0,0,0,372,396000005,65999978
2026-08-15 01:54:05,fp_div,1,1.154279,39.200001,39.37,4000014,0,0,0,0,14,3999999,0,0,0,32000000,0,0,0,372,392000006,351999979
2026-08-15 01:55:02,fp_sqrt,1,1.156865,40.000001,39.73,8000014,0,0,0,0,14,7999999,0,0,0,0,64000000,0,0,372,400000006,319999979
2026-08-15 01:55:59,fp_noncomp,1,1.168125,40.000000,39.49,20000014,0,0,0,0,14,19999999,0,0,0,0,0,320000000,0,404,400000005,39999978
2026-08-15 01:56:53,fp_conv,1,1.164675,39.600001,39.49,33000014,0,0,0,0,14,32999999,0,0,0,0,0,0,264000000,372,396000005,65999978
2026-08-15 01:57:52,idle,1,1.146828,0.000005,39.37,21,0,0,0,0,17,0,0,0,0,0,0,0,0,376,54,16
2026-08-15 01:58:50,alu,1,1.170746,40.000012,39.12,395384749,0,0,0,0,10,1538461,0,0,0,0,0,0,0,1348,400000122,3076902
2026-08-15 01:59:46,mul,1,1.160855,39.990000,39.61,6450031,387000000,0,0,0,10,2149999,0,0,0,0,0,0,0,1116,399900002,4299962
2026-08-15 02:00:42,mulh,1,1.158892,40.003977,39.37,1324666,0,79478100,0,0,10,441544,0,0,0,0,0,0,0,1116,400039772,318795452
2026-08-15 02:01:38,div,1,1.151499,39.992230,39.00,74350,0,0,19029760,399624960,10,74334,0,0,0,0,0,0,0,1348,399922302,380743848
2026-08-15 02:02:35,mem,1,1.158503,40.003199,39.49,3681309,0,0,0,0,196334730,1227091,0,0,0,0,0,0,0,1044,400031994,198788864
2026-08-15 02:03:34,ctrl,1,1.168133,39.930400,39.24,4712015,0,0,0,0,10,141436000,0,0,0,0,0,0,0,16508,399304004,253155979
2026-08-15 02:04:30,fp_add,1,1.175404,39.600001,39.49,33000014,0,0,0,0,14,32999999,264000000,0,0,0,0,0,0,372,396000005,65999978
2026-08-15 02:05:27,fp_mul,1,1.170214,39.600001,39.61,33000014,0,0,0,0,14,32999999,0,264000000,0,0,0,0,0,372,396000005,65999978
2026-08-15 02:06:23,fp_fma,1,1.180889,39.600001,39.61,33000014,0,0,0,0,14,32999999,0,0,264000000,0,0,0,0,372,396000005,65999978
2026-08-15 02:07:19,fp_div,1,1.154253,39.200001,39.37,4000014,0,0,0,0,14,3999999,0,0,0,32000000,0,0,0,372,392000006,351999979
2026-08-15 02:08:17,fp_sqrt,1,1.156692,40.000001,39.12,8000014,0,0,0,0,14,7999999,0,0,0,0,64000000,0,0,372,400000006,319999979
2026-08-15 02:09:14,fp_noncomp,1,1.168171,40.000000,39.61,20000014,0,0,0,0,14,19999999,0,0,0,0,0,320000000,0,404,400000005,39999978
2026-08-15 02:10:14,fp_conv,1,1.164374,39.600001,39.37,33000014,0,0,0,0,14,32999999,0,0,0,0,0,0,264000000,372,396000005,65999978
2026-08-15 02:11:21,idle,1,1.146696,0.000005,39.49,21,0,0,0,0,17,0,0,0,0,0,0,0,0,376,54,16
2026-08-15 02:12:19,alu,1,1.170889,40.000012,39.61,395384749,0,0,0,0,10,1538461,0,0,0,0,0,0,0,1348,400000122,3076902
2026-08-15 02:13:16,mul,1,1.160952,39.990000,39.37,6450031,387000000,0,0,0,10,2149999,0,0,0,0,0,0,0,1116,399900002,4299962
2026-08-15 02:14:13,mulh,1,1.159049,40.003977,39.12,1324666,0,79478100,0,0,10,441544,0,0,0,0,0,0,0,1116,400039772,318795452
2026-08-15 02:15:10,div,1,1.151548,39.992230,39.37,74350,0,0,19029760,399624960,10,74334,0,0,0,0,0,0,0,1348,399922302,380743848
2026-08-15 02:16:07,mem,1,1.158508,40.003199,39.37,3681309,0,0,0,0,196334730,1227091,0,0,0,0,0,0,0,1044,400031994,198788864
2026-08-15 02:17:04,ctrl,1,1.167798,39.930400,39.73,4712015,0,0,0,0,10,141436000,0,0,0,0,0,0,0,16508,399304004,253155979
2026-08-15 02:18:01,fp_add,1,1.175123,39.600001,39.12,33000014,0,0,0,0,14,32999999,264000000,0,0,0,0,0,0,372,396000005,65999978
2026-08-15 02:18:58,fp_mul,1,1.170218,39.600001,39.37,33000014,0,0,0,0,14,32999999,0,264000000,0,0,0,0,0,372,396000005,65999978
2026-08-15 02:19:54,fp_fma,1,1.181037,39.600001,39.61,33000014,0,0,0,0,14,32999999,0,0,264000000,0,0,0,0,372,396000005,65999978
2026-08-15 02:20:49,fp_div,1,1.154037,39.200001,39.37,4000014,0,0,0,0,14,3999999,0,0,0,32000000,0,0,0,372,392000006,351999979
2026-08-15 02:21:51,fp_sqrt,1,1.156673,40.000001,39.49,8000014,0,0,0,0,14,7999999,0,0,0,0,64000000,0,0,372,400000006,319999979
2026-08-15 02:22:47,fp_noncomp,1,1.167996,40.000000,39.37,20000014,0,0,0,0,14,19999999,0,0,0,0,0,320000000,0,404,400000005,39999978
2026-08-15 02:23:44,fp_conv,1,1.164313,39.600001,39.61,33000014,0,0,0,0,14,32999999,0,0,0,0,0,0,264000000,372,396000005,65999978
2026-08-15 02:24:43,idle,1,1.146708,0.000005,39.37,21,0,0,0,0,17,0,0,0,0,0,0,0,0,376,54,16
2026-08-15 02:25:42,alu,1,1.170701,40.000012,39.61,395384749,0,0,0,0,10,1538461,0,0,0,0,0,0,0,1348,400000122,3076902
2026-08-15 02:26:38,mul,1,1.160836,39.990000,39.37,6450031,387000000,0,0,0,10,2149999,0,0,0,0,0,0,0,1116,399900002,4299962
2026-08-15 02:27:35,mulh,1,1.158852,40.003977,39.37,1324666,0,79478100,0,0,10,441544,0,0,0,0,0,0,0,1116,400039772,318795452
2026-08-15 02:28:31,div,1,1.151467,39.992230,39.37,74350,0,0,19029760,399624960,10,74334,0,0,0,0,0,0,0,1348,399922302,380743848
2026-08-15 02:29:28,mem,1,1.158486,40.003199,39.37,3681309,0,0,0,0,196334730,1227091,0,0,0,0,0,0,0,1044,400031994,198788864
2026-08-15 02:30:26,ctrl,1,1.167957,39.930400,39.37,4712015,0,0,0,0,10,141436000,0,0,0,0,0,0,0,16508,399304004,253155979
2026-08-15 02:31:22,fp_add,1,1.175336,39.600001,39.49,33000014,0,0,0,0,14,32999999,264000000,0,0,0,0,0,0,372,396000005,65999978
2026-08-15 02:32:20,fp_mul,1,1.170192,39.600001,39.49,33000014,0,0,0,0,14,32999999,0,264000000,0,0,0,0,0,372,396000005,65999978
2026-08-15 02:33:17,fp_fma,1,1.180872,39.600001,39.61,33000014,0,0,0,0,14,32999999,0,0,264000000,0,0,0,0,372,396000005,65999978
2026-08-15 02:34:14,fp_div,1,1.154190,39.200001,39.24,4000014,0,0,0,0,14,3999999,0,0,0,32000000,0,0,0,372,392000006,351999979
2026-08-15 02:35:11,fp_sqrt,1,1.156586,40.000001,39.37,8000014,0,0,0,0,14,7999999,0,0,0,0,64000000,0,0,372,400000006,319999979
2026-08-15 02:36:07,fp_noncomp,1,1.168087,40.000000,39.37,20000014,0,0,0,0,14,19999999,0,0,0,0,0,320000000,0,404,400000005,39999978
2026-08-15 02:37:04,fp_conv,1,1.164426,39.600001,39.24,33000014,0,0,0,0,14,32999999,0,0,0,0,0,0,264000000,372,396000005,65999978
2026-08-15 02:38:03,idle,1,1.146709,0.000005,39.37,21,0,0,0,0,17,0,0,0,0,0,0,0,0,376,54,16
2026-08-15 02:39:01,alu,1,1.170652,40.000012,39.49,395384749,0,0,0,0,10,1538461,0,0,0,0,0,0,0,1348,400000122,3076902
2026-08-15 02:40:03,mul,1,1.160854,39.990000,39.49,6450031,387000000,0,0,0,10,2149999,0,0,0,0,0,0,0,1116,399900002,4299962
2026-08-15 02:40:59,mulh,1,1.158893,40.003977,39.49,1324666,0,79478100,0,0,10,441544,0,0,0,0,0,0,0,1116,400039772,318795452
2026-08-15 02:41:56,div,1,1.151465,39.992230,39.37,74350,0,0,19029760,399624960,10,74334,0,0,0,0,0,0,0,1348,399922302,380743848
2026-08-15 02:42:53,mem,1,1.158634,40.003199,39.37,3681309,0,0,0,0,196334730,1227091,0,0,0,0,0,0,0,1044,400031994,198788864
2026-08-15 02:43:50,ctrl,1,1.167650,39.930400,39.37,4712015,0,0,0,0,10,141436000,0,0,0,0,0,0,0,16508,399304004,253155979
2026-08-15 02:44:47,fp_add,1,1.174702,39.600001,39.61,33000014,0,0,0,0,14,32999999,264000000,0,0,0,0,0,0,372,396000005,65999978
2026-08-15 02:45:44,fp_mul,1,1.169573,39.600001,39.24,33000014,0,0,0,0,14,32999999,0,264000000,0,0,0,0,0,372,396000005,65999978
2026-08-15 02:46:40,fp_fma,1,1.180353,39.600001,39.49,33000014,0,0,0,0,14,32999999,0,0,264000000,0,0,0,0,372,396000005,65999978
2026-08-15 02:47:36,fp_div,1,1.153346,39.200001,39.24,4000014,0,0,0,0,14,3999999,0,0,0,32000000,0,0,0,372,392000006,351999979
2026-08-15 02:48:33,fp_sqrt,1,1.156487,40.000001,39.00,8000014,0,0,0,0,14,7999999,0,0,0,0,64000000,0,0,372,400000006,319999979
2026-08-15 02:49:29,fp_noncomp,1,1.168002,40.000000,39.37,20000014,0,0,0,0,14,19999999,0,0,0,0,0,320000000,0,404,400000005,39999978
2026-08-15 02:50:26,fp_conv,1,1.164372,39.600001,39.00,33000014,0,0,0,0,14,32999999,0,0,0,0,0,0,264000000,372,396000005,65999978
2026-08-15 02:51:20,idle,1,1.146379,0.000005,39.37,21,0,0,0,0,17,0,0,0,0,0,0,0,0,376,54,16
2026-08-15 02:52:17,alu,1,1.170387,40.000012,39.37,395384749,0,0,0,0,10,1538461,0,0,0,0,0,0,0,1348,400000122,3076902
2026-08-15 02:53:14,mul,1,1.160650,39.990000,39.37,6450031,387000000,0,0,0,10,2149999,0,0,0,0,0,0,0,1116,399900002,4299962
2026-08-15 02:54:12,mulh,1,1.158660,40.003977,39.24,1324666,0,79478100,0,0,10,441544,0,0,0,0,0,0,0,1116,400039772,318795452
2026-08-15 02:55:09,div,1,1.151393,39.992230,39.00,74350,0,0,19029760,399624960,10,74334,0,0,0,0,0,0,0,1348,399922302,380743848
2026-08-15 02:56:06,mem,1,1.158636,40.003199,39.49,3681309,0,0,0,0,196334730,1227091,0,0,0,0,0,0,0,1044,400031994,198788864
2026-08-15 02:57:04,ctrl,1,1.168107,39.930400,39.37,4712015,0,0,0,0,10,141436000,0,0,0,0,0,0,0,16508,399304004,253155979
2026-08-15 02:58:00,fp_add,1,1.174983,39.600001,39.37,33000014,0,0,0,0,14,32999999,264000000,0,0,0,0,0,0,372,396000005,65999978
2026-08-15 02:58:57,fp_mul,1,1.169965,39.600001,39.49,33000014,0,0,0,0,14,32999999,0,264000000,0,0,0,0,0,372,396000005,65999978
2026-08-15 02:59:54,fp_fma,1,1.180488,39.600001,39.37,33000014,0,0,0,0,14,32999999,0,0,264000000,0,0,0,0,372,396000005,65999978
2026-08-15 03:00:51,fp_div,1,1.153605,39.200001,39.00,4000014,0,0,0,0,14,3999999,0,0,0,32000000,0,0,0,372,392000006,351999979
2026-08-15 03:01:52,fp_sqrt,1,1.155788,40.000001,39.37,8000014,0,0,0,0,14,7999999,0,0,0,0,64000000,0,0,372,400000006,319999979
2026-08-15 03:02:50,fp_noncomp,1,1.167168,40.000000,39.24,20000014,0,0,0,0,14,19999999,0,0,0,0,0,320000000,0,404,400000005,39999978
2026-08-15 03:03:46,fp_conv,1,1.163388,39.600001,39.37,33000014,0,0,0,0,14,32999999,0,0,0,0,0,0,264000000,372,396000005,65999978
2026-08-15 03:04:46,idle,1,1.145606,0.000005,39.00,21,0,0,0,0,17,0,0,0,0,0,0,0,0,376,54,16
2026-08-15 03:05:43,alu,1,1.169799,40.000012,39.37,395384749,0,0,0,0,10,1538461,0,0,0,0,0,0,0,1348,400000122,3076902
2026-08-15 03:06:41,mul,1,1.160420,39.990000,39.49,6450031,387000000,0,0,0,10,2149999,0,0,0,0,0,0,0,1116,399900002,4299962
2026-08-15 03:07:39,mulh,1,1.158656,40.003977,39.24,1324666,0,79478100,0,0,10,441544,0,0,0,0,0,0,0,1116,400039772,318795452
2026-08-15 03:08:38,div,1,1.151366,39.992230,39.24,74350,0,0,19029760,399624960,10,74334,0,0,0,0,0,0,0,1348,399922302,380743848
2026-08-15 03:09:36,mem,1,1.158378,40.003199,39.24,3681309,0,0,0,0,196334730,1227091,0,0,0,0,0,0,0,1044,400031994,198788864
2026-08-15 03:10:35,ctrl,1,1.167929,39.930400,39.24,4712015,0,0,0,0,10,141436000,0,0,0,0,0,0,0,16508,399304004,253155979
2026-08-15 03:11:32,fp_add,1,1.175395,39.600001,39.37,33000014,0,0,0,0,14,32999999,264000000,0,0,0,0,0,0,372,396000005,65999978
2026-08-15 03:12:31,fp_mul,1,1.170520,39.600001,39.37,33000014,0,0,0,0,14,32999999,0,264000000,0,0,0,0,0,372,396000005,65999978
2026-08-15 03:13:32,fp_fma,1,1.180788,39.600001,39.61,33000014,0,0,0,0,14,32999999,0,0,264000000,0,0,0,0,372,396000005,65999978
2026-08-15 03:14:28,fp_div,1,1.154073,39.200001,39.24,4000014,0,0,0,0,14,3999999,0,0,0,32000000,0,0,0,372,392000006,351999979
2026-08-15 03:15:26,fp_sqrt,1,1.156652,40.000001,39.37,8000014,0,0,0,0,14,7999999,0,0,0,0,64000000,0,0,372,400000006,319999979
2026-08-15 03:16:23,fp_noncomp,1,1.168011,40.000000,39.37,20000014,0,0,0,0,14,19999999,0,0,0,0,0,320000000,0,404,400000005,39999978
2026-08-15 03:17:20,fp_conv,1,1.164396,39.600001,39.37,33000014,0,0,0,0,14,32999999,0,0,0,0,0,0,264000000,372,396000005,65999978
2026-08-15 03:18:18,idle,1,1.146492,0.000005,39.24,21,0,0,0,0,17,0,0,0,0,0,0,0,0,376,54,16
2026-08-15 03:19:18,alu,1,1.170508,40.000012,39.61,395384749,0,0,0,0,10,1538461,0,0,0,0,0,0,0,1348,400000122,3076902
2026-08-15 03:20:15,mul,1,1.160596,39.990000,39.12,6450031,387000000,0,0,0,10,2149999,0,0,0,0,0,0,0,1116,399900002,4299962
2026-08-15 03:21:13,mulh,1,1.158653,40.003977,39.37,1324666,0,79478100,0,0,10,441544,0,0,0,0,0,0,0,1116,400039772,318795452
2026-08-15 03:22:08,div,1,1.151295,39.992230,39.12,74350,0,0,19029760,399624960,10,74334,0,0,0,0,0,0,0,1348,399922302,380743848
2026-08-15 03:23:05,mem,1,1.158511,40.003199,39.24,3681309,0,0,0,0,196334730,1227091,0,0,0,0,0,0,0,1044,400031994,198788864
2026-08-15 03:24:04,ctrl,1,1.167849,39.930400,39.37,4712015,0,0,0,0,10,141436000,0,0,0,0,0,0,0,16508,399304004,253155979
2026-08-15 03:25:02,fp_add,1,1.175039,39.600001,39.49,33000014,0,0,0,0,14,32999999,264000000,0,0,0,0,0,0,372,396000005,65999978
2026-08-15 03:25:58,fp_mul,1,1.170039,39.600001,39.37,33000014,0,0,0,0,14,32999999,0,264000000,0,0,0,0,0,372,396000005,65999978
2026-08-15 03:26:55,fp_fma,1,1.180749,39.600001,39.49,33000014,0,0,0,0,14,32999999,0,0,264000000,0,0,0,0,372,396000005,65999978
2026-08-15 03:27:49,fp_div,1,1.154036,39.200001,39.24,4000014,0,0,0,0,14,3999999,0,0,0,32000000,0,0,0,372,392000006,351999979
2026-08-15 03:28:46,fp_sqrt,1,1.156663,40.000001,39.24,8000014,0,0,0,0,14,7999999,0,0,0,0,64000000,0,0,372,400000006,319999979
2026-08-15 03:29:43,fp_noncomp,1,1.168161,40.000000,39.24,20000014,0,0,0,0,14,19999999,0,0,0,0,0,320000000,0,404,400000005,39999978
2026-08-15 03:30:41,fp_conv,1,1.164715,39.600001,39.37,33000014,0,0,0,0,14,32999999,0,0,0,0,0,0,264000000,372,396000005,65999978
2026-08-15 03:31:51,idle,1,1.146746,0.000005,39.12,21,0,0,0,0,17,0,0,0,0,0,0,0,0,376,54,16
2026-08-15 03:32:48,alu,1,1.170848,40.000012,39.37,395384749,0,0,0,0,10,1538461,0,0,0,0,0,0,0,1348,400000122,3076902
2026-08-15 03:34:12,mul,1,1.161046,39.990000,39.37,6450031,387000000,0,0,0,10,2149999,0,0,0,0,0,0,0,1116,399900002,4299962
2026-08-15 03:35:08,mulh,1,1.159071,40.003977,39.24,1324666,0,79478100,0,0,10,441544,0,0,0,0,0,0,0,1116,400039772,318795452
2026-08-15 03:36:05,div,1,1.151753,39.992230,39.12,74350,0,0,19029760,399624960,10,74334,0,0,0,0,0,0,0,1348,399922302,380743848
2026-08-15 03:37:02,mem,1,1.158707,40.003199,39.12,3681309,0,0,0,0,196334730,1227091,0,0,0,0,0,0,0,1044,400031994,198788864
2026-08-15 03:38:00,ctrl,1,1.167895,39.930400,39.61,4712015,0,0,0,0,10,141436000,0,0,0,0,0,0,0,16508,399304004,253155979
2026-08-15 03:38:57,fp_add,1,1.174997,39.600001,39.49,33000014,0,0,0,0,14,32999999,264000000,0,0,0,0,0,0,372,396000005,65999978
2026-08-15 03:39:54,fp_mul,1,1.170067,39.600001,39.37,33000014,0,0,0,0,14,32999999,0,264000000,0,0,0,0,0,372,396000005,65999978
2026-08-15 03:40:50,fp_fma,1,1.180761,39.600001,39.37,33000014,0,0,0,0,14,32999999,0,0,264000000,0,0,0,0,372,396000005,65999978
2026-08-15 03:41:46,fp_div,1,1.153882,39.200001,39.37,4000014,0,0,0,0,14,3999999,0,0,0,32000000,0,0,0,372,392000006,351999979
2026-08-15 03:42:42,fp_sqrt,1,1.156408,40.000001,39.37,8000014,0,0,0,0,14,7999999,0,0,0,0,64000000,0,0,372,400000006,319999979
2026-08-15 03:43:39,fp_noncomp,1,1.167854,40.000000,39.24,20000014,0,0,0,0,14,19999999,0,0,0,0,0,320000000,0,404,400000005,39999978
2026-08-15 03:44:36,fp_conv,1,1.164171,39.600001,39.49,33000014,0,0,0,0,14,32999999,0,0,0,0,0,0,264000000,372,396000005,65999978
